{
  "wind_file": "/app/input_data/test_initial_windfield.npz",
  "episodes": [
    {
      "seed": 1,
      "steps": 125,
      "success": true,
      "reward_sum": 100.0
    },
    {
      "seed": 2,
      "steps": 1000,
      "success": false,
      "reward_sum": 0.0
    },
    {
      "seed": 3,
      "steps": 190,
      "success": true,
      "reward_sum": 100.0
    },
    {
      "seed": 4,
      "steps": 178,
      "success": true,
      "reward_sum": 100.0
    },
    {
      "seed": 5,
      "steps": 279,
      "success": true,
      "reward_sum": 100.0
    },
    {
      "seed": 6,
      "steps": 224,
      "success": true,
      "reward_sum": 100.0
    },
    {
      "seed": 7,
      "steps": 249,
      "success": true,
      "reward_sum": 100.0
    },
    {
      "seed": 8,
      "steps": 219,
      "success": true,
      "reward_sum": 100.0
    },
    {
      "seed": 9,
      "steps": 1000,
      "success": false,
      "reward_sum": 0.0
    },
    {
      "seed": 10,
      "steps": 192,
      "success": true,
      "reward_sum": 100.0
    },
    {
      "seed": 11,
      "steps": 123,
      "success": true,
      "reward_sum": 100.0
    },
    {
      "seed": 12,
      "steps": 1000,
      "success": false,
      "reward_sum": 0.0
    },
    {
      "seed": 13,
      "steps": 1000,
      "success": false,
      "reward_sum": 0.0
    },
    {
      "seed": 14,
      "steps": 629,
      "success": true,
      "reward_sum": 100.0
    },
    {
      "seed": 15,
      "steps": 140,
      "success": true,
      "reward_sum": 100.0
    },
    {
      "seed": 16,
      "steps": 139,
      "success": true,
      "reward_sum": 100.0
    },
    {
      "seed": 17,
      "steps": 648,
      "success": true,
      "reward_sum": 100.0
    },
    {
      "seed": 18,
      "steps": 1000,
      "success": false,
      "reward_sum": 0.0
    },
    {
      "seed": 19,
      "steps": 1000,
      "success": false,
      "reward_sum": 0.0
    },
    {
      "seed": 20,
      "steps": 189,
      "success": true,
      "reward_sum": 100.0
    },
    {
      "seed": 21,
      "steps": 448,
      "success": true,
      "reward_sum": 100.0
    },
    {
      "seed": 22,
      "steps": 708,
      "success": true,
      "reward_sum": 100.0
    },
    {
      "seed": 23,
      "steps": 1000,
      "success": false,
      "reward_sum": 0.0
    },
    {
      "seed": 24,
      "steps": 1000,
      "success": false,
      "reward_sum": 0.0
    },
    {
      "seed": 25,
      "steps": 245,
      "success": true,
      "reward_sum": 100.0
    },
    {
      "seed": 26,
      "steps": 239,
      "success": true,
      "reward_sum": 100.0
    },
    {
      "seed": 27,
      "steps": 113,
      "success": true,
      "reward_sum": 100.0
    },
    {
      "seed": 28,
      "steps": 689,
      "success": true,
      "reward_sum": 100.0
    },
    {
      "seed": 29,
      "steps": 165,
      "success": true,
      "reward_sum": 100.0
    },
    {
      "seed": 30,
      "steps": 1000,
      "success": false,
      "reward_sum": 0.0
    },
    {
      "seed": 31,
      "steps": 161,
      "success": true,
      "reward_sum": 100.0
    },
    {
      "seed": 32,
      "steps": 178,
      "success": true,
      "reward_sum": 100.0
    },
    {
      "seed": 33,
      "steps": 1000,
      "success": false,
      "reward_sum": 0.0
    },
    {
      "seed": 34,
      "steps": 90,
      "success": true,
      "reward_sum": 100.0
    },
    {
      "seed": 35,
      "steps": 1000,
      "success": false,
      "reward_sum": 0.0
    },
    {
      "seed": 36,
      "steps": 135,
      "success": true,
      "reward_sum": 100.0
    },
    {
      "seed": 37,
      "steps": 131,
      "success": true,
      "reward_sum": 100.0
    },
    {
      "seed": 38,
      "steps": 230,
      "success": true,
      "reward_sum": 100.0
    },
    {
      "seed": 39,
      "steps": 1000,
      "success": false,
      "reward_sum": 0.0
    },
    {
      "seed": 40,
      "steps": 207,
      "success": true,
      "reward_sum": 100.0
    },
    {
      "seed": 41,
      "steps": 300,
      "success": true,
      "reward_sum": 100.0
    },
    {
      "seed": 42,
      "steps": 174,
      "success": true,
      "reward_sum": 100.0
    },
    {
      "seed": 43,
      "steps": 238,
      "success": true,
      "reward_sum": 100.0
    },
    {
      "seed": 44,
      "steps": 162,
      "success": true,
      "reward_sum": 100.0
    },
    {
      "seed": 45,
      "steps": 340,
      "success": true,
      "reward_sum": 100.0
    },
    {
      "seed": 46,
      "steps": 355,
      "success": true,
      "reward_sum": 100.0
    },
    {
      "seed": 47,
      "steps": 131,
      "success": true,
      "reward_sum": 100.0
    },
    {
      "seed": 48,
      "steps": 1000,
      "success": false,
      "reward_sum": 0.0
    },
    {
      "seed": 49,
      "steps": 1000,
      "success": false,
      "reward_sum": 0.0
    },
    {
      "seed": 50,
      "steps": 109,
      "success": true,
      "reward_sum": 100.0
    },
    {
      "seed": 51,
      "steps": 497,
      "success": true,
      "reward_sum": 100.0
    },
    {
      "seed": 52,
      "steps": 140,
      "success": true,
      "reward_sum": 100.0
    },
    {
      "seed": 53,
      "steps": 341,
      "success": true,
      "reward_sum": 100.0
    },
    {
      "seed": 54,
      "steps": 211,
      "success": true,
      "reward_sum": 100.0
    },
    {
      "seed": 55,
      "steps": 595,
      "success": true,
      "reward_sum": 100.0
    },
    {
      "seed": 56,
      "steps": 150,
      "success": true,
      "reward_sum": 100.0
    },
    {
      "seed": 57,
      "steps": 228,
      "success": true,
      "reward_sum": 100.0
    },
    {
      "seed": 58,
      "steps": 139,
      "success": true,
      "reward_sum": 100.0
    },
    {
      "seed": 59,
      "steps": 118,
      "success": true,
      "reward_sum": 100.0
    },
    {
      "seed": 60,
      "steps": 1000,
      "success": false,
      "reward_sum": 0.0
    },
    {
      "seed": 61,
      "steps": 1000,
      "success": false,
      "reward_sum": 0.0
    },
    {
      "seed": 62,
      "steps": 271,
      "success": true,
      "reward_sum": 100.0
    },
    {
      "seed": 63,
      "steps": 140,
      "success": true,
      "reward_sum": 100.0
    },
    {
      "seed": 64,
      "steps": 283,
      "success": true,
      "reward_sum": 100.0
    },
    {
      "seed": 65,
      "steps": 178,
      "success": true,
      "reward_sum": 100.0
    },
    {
      "seed": 66,
      "steps": 350,
      "success": true,
      "reward_sum": 100.0
    },
    {
      "seed": 67,
      "steps": 1000,
      "success": false,
      "reward_sum": 0.0
    },
    {
      "seed": 68,
      "steps": 643,
      "success": true,
      "reward_sum": 100.0
    },
    {
      "seed": 69,
      "steps": 146,
      "success": true,
      "reward_sum": 100.0
    },
    {
      "seed": 70,
      "steps": 1000,
      "success": false,
      "reward_sum": 0.0
    },
    {
      "seed": 71,
      "steps": 310,
      "success": true,
      "reward_sum": 100.0
    },
    {
      "seed": 72,
      "steps": 1000,
      "success": false,
      "reward_sum": 0.0
    },
    {
      "seed": 73,
      "steps": 394,
      "success": true,
      "reward_sum": 100.0
    },
    {
      "seed": 74,
      "steps": 280,
      "success": true,
      "reward_sum": 100.0
    },
    {
      "seed": 75,
      "steps": 1000,
      "success": false,
      "reward_sum": 0.0
    },
    {
      "seed": 76,
      "steps": 124,
      "success": true,
      "reward_sum": 100.0
    },
    {
      "seed": 77,
      "steps": 108,
      "success": true,
      "reward_sum": 100.0
    },
    {
      "seed": 78,
      "steps": 1000,
      "success": false,
      "reward_sum": 0.0
    },
    {
      "seed": 79,
      "steps": 242,
      "success": true,
      "reward_sum": 100.0
    },
    {
      "seed": 80,
      "steps": 87,
      "success": true,
      "reward_sum": 100.0
    },
    {
      "seed": 81,
      "steps": 140,
      "success": true,
      "reward_sum": 100.0
    },
    {
      "seed": 82,
      "steps": 238,
      "success": true,
      "reward_sum": 100.0
    },
    {
      "seed": 83,
      "steps": 1000,
      "success": false,
      "reward_sum": 0.0
    },
    {
      "seed": 84,
      "steps": 400,
      "success": true,
      "reward_sum": 100.0
    },
    {
      "seed": 85,
      "steps": 334,
      "success": true,
      "reward_sum": 100.0
    },
    {
      "seed": 86,
      "steps": 133,
      "success": true,
      "reward_sum": 100.0
    },
    {
      "seed": 87,
      "steps": 115,
      "success": true,
      "reward_sum": 100.0
    },
    {
      "seed": 88,
      "steps": 164,
      "success": true,
      "reward_sum": 100.0
    },
    {
      "seed": 89,
      "steps": 478,
      "success": true,
      "reward_sum": 100.0
    },
    {
      "seed": 90,
      "steps": 1000,
      "success": false,
      "reward_sum": 0.0
    },
    {
      "seed": 91,
      "steps": 1000,
      "success": false,
      "reward_sum": 0.0
    },
    {
      "seed": 92,
      "steps": 123,
      "success": true,
      "reward_sum": 100.0
    },
    {
      "seed": 93,
      "steps": 86,
      "success": true,
      "reward_sum": 100.0
    },
    {
      "seed": 94,
      "steps": 1000,
      "success": false,
      "reward_sum": 0.0
    },
    {
      "seed": 95,
      "steps": 100,
      "success": true,
      "reward_sum": 100.0
    },
    {
      "seed": 96,
      "steps": 128,
      "success": true,
      "reward_sum": 100.0
    },
    {
      "seed": 97,
      "steps": 153,
      "success": true,
      "reward_sum": 100.0
    },
    {
      "seed": 98,
      "steps": 773,
      "success": true,
      "reward_sum": 100.0
    },
    {
      "seed": 99,
      "steps": 614,
      "success": true,
      "reward_sum": 100.0
    },
    {
      "seed": 100,
      "steps": 1000,
      "success": false,
      "reward_sum": 0.0
    }
  ],
  "aggregates": {
    "avg_steps": 450.26,
    "success_rate": 0.74,
    "avg_reward": 74.0,
    "num_episodes": 100
  }
}